Size,QS_Speedup,GNU_Speedup
10,7.05726e-05,0.000103519
100,0.000456694,0.000550438
1000,0.00693748,0.0129766
10000,0.11591,0.186215
100000,0.924723,1.5286
1000000,9.36315,16.0887
10000000,113.312,195.295
