Threads,QS_Speedup,GNU_Speedup
1,2.00253,0.861606
2,3.86683,3.12924
3,5.21062,3.54592
4,5.881,4.95953
5,7.37531,4.66698
6,7.92873,5.09099
7,7.02516,5.95196
8,8.65437,6.60478
9,8.23251,7.75373
10,9.59638,8.07693
11,10.0965,8.88052
12,8.63997,9.50252
13,7.84925,10.1292
14,8.73882,10.7781
15,8.02022,11.1543
16,8.89346,8.70675
